subject;parent_group;child_group;qgis_name;filters;filedir;filename;wms_source;filetype;qmldir;qmlname
Klimaatsommen;Klimaatsommen;Resultaat klimaatsommen;ruimtekaart;;folder.threedi_results.climate_results[revision].output.path;ruimtekaart.shp;;vector;os.path.join(HHNK_THREEDI_PLUGIN_DIR,'qgis_interaction','styling', 'klimaatsommen');ruimtekaart.qml
Klimaatsommen;Klimaatsommen;Resultaat klimaatsommen;peilgebieden;;folder.threedi_results.climate_results[revision].output.path;peilgebieden.shp;;vector;os.path.join(HHNK_THREEDI_PLUGIN_DIR,'qgis_interaction','styling', 'klimaatsommen');peilgebieden.qml
Klimaatsommen;Klimaatsommen;Resultaat klimaatsommen;geen_schade;;folder.threedi_results.climate_results[revision].output.path;geen_schade.shp;;vector;os.path.join(HHNK_THREEDI_PLUGIN_DIR,'qgis_interaction','styling', 'klimaatsommen');geen_schade.qml
Klimaatsommen;Klimaatsommen;Inundatievlakkenkaart;inundatievlak_T0010;;folder.threedi_results.climate_results[revision].output.path;inundatievlak_T0010.tif;;raster;os.path.join(HHNK_THREEDI_PLUGIN_DIR,'qgis_interaction','styling', 'klimaatsommen');inundatievlak_T0010.qml
Klimaatsommen;Klimaatsommen;Inundatievlakkenkaart;inundatievlak_T0100;;folder.threedi_results.climate_results[revision].output.path;inundatievlak_T0100.tif;;raster;os.path.join(HHNK_THREEDI_PLUGIN_DIR,'qgis_interaction','styling', 'klimaatsommen');inundatievlak_T0100.qml
Klimaatsommen;Klimaatsommen;Inundatievlakkenkaart;inundatievlak_T1000;;folder.threedi_results.climate_results[revision].output.path;inundatievlak_T1000.tif;;raster;os.path.join(HHNK_THREEDI_PLUGIN_DIR,'qgis_interaction','styling', 'klimaatsommen');inundatievlak_T1000.qml
Klimaatsommen;Klimaatsommen;Inundatiedieptekaart;inundatiediepte_T0010;;folder.threedi_results.climate_results[revision].output.path;inundatiediepte_T0010.tif;;raster;os.path.join(HHNK_THREEDI_PLUGIN_DIR,'qgis_interaction','styling', 'klimaatsommen');inundatiediepte_T0010.qml
Klimaatsommen;Klimaatsommen;Inundatiedieptekaart;inundatiediepte_T0100;;folder.threedi_results.climate_results[revision].output.path;inundatiediepte_T0100.tif;;raster;os.path.join(HHNK_THREEDI_PLUGIN_DIR,'qgis_interaction','styling', 'klimaatsommen');inundatiediepte_T0100.qml
Klimaatsommen;Klimaatsommen;Inundatiedieptekaart;inundatiediepte_T1000;;folder.threedi_results.climate_results[revision].output.path;inundatiediepte_T1000.tif;;raster;os.path.join(HHNK_THREEDI_PLUGIN_DIR,'qgis_interaction','styling', 'klimaatsommen');inundatiediepte_T1000.qml
Klimaatsommen;Klimaatsommen;Inundatiedieptekaart_plas;inundatiediepte_T0010_plas;;folder.threedi_results.climate_results[revision].output.path;inundatiediepte_T0010_plas.tif;;raster;os.path.join(HHNK_THREEDI_PLUGIN_DIR,'qgis_interaction','styling', 'klimaatsommen');inundatiediepte_T0010_plas.qml
Klimaatsommen;Klimaatsommen;Inundatiedieptekaart_plas;inundatiediepte_T0100_plas;;folder.threedi_results.climate_results[revision].output.path;inundatiediepte_T0100_plas.tif;;raster;os.path.join(HHNK_THREEDI_PLUGIN_DIR,'qgis_interaction','styling', 'klimaatsommen');inundatiediepte_T0100_plas.qml
Klimaatsommen;Klimaatsommen;Inundatiedieptekaart_plas;inundatiediepte_T1000_plas;;folder.threedi_results.climate_results[revision].output.path;inundatiediepte_T1000_plas.tif;;raster;os.path.join(HHNK_THREEDI_PLUGIN_DIR,'qgis_interaction','styling', 'klimaatsommen');inundatiediepte_T1000_plas.qml
Klimaatsommen;Klimaatsommen;Inundatiedieptekaart_overlast;inundatiediepte_T0010_overlast;;folder.threedi_results.climate_results[revision].output.path;inundatiediepte_T0010_overlast.tif;;raster;os.path.join(HHNK_THREEDI_PLUGIN_DIR,'qgis_interaction','styling', 'klimaatsommen');inundatiediepte_T0010_overlast.qml
Klimaatsommen;Klimaatsommen;Inundatiedieptekaart_overlast;inundatiediepte_T0100_overlast;;folder.threedi_results.climate_results[revision].output.path;inundatiediepte_T0100_overlast.tif;;raster;os.path.join(HHNK_THREEDI_PLUGIN_DIR,'qgis_interaction','styling', 'klimaatsommen');inundatiediepte_T0100_overlast.qml
Klimaatsommen;Klimaatsommen;Inundatiedieptekaart_overlast;inundatiediepte_T1000_overlast;;folder.threedi_results.climate_results[revision].output.path;inundatiediepte_T1000_overlast.tif;;raster;os.path.join(HHNK_THREEDI_PLUGIN_DIR,'qgis_interaction','styling', 'klimaatsommen');inundatiediepte_T1000_overlast.qml
Klimaatsommen;Klimaatsommen;Schadekaarten;schade_per_peilgebied;;folder.threedi_results.climate_results[revision].output.path;schade_per_peilgebied.shp;;vector;os.path.join(HHNK_THREEDI_PLUGIN_DIR,'qgis_interaction','styling', 'klimaatsommen');schade_per_peilgebied.qml
Klimaatsommen;Klimaatsommen;Schadekaarten;schade_per_peilgebied_plas;;folder.threedi_results.climate_results[revision].output.path;schade_per_peilgebied_plas.shp;;vector;os.path.join(HHNK_THREEDI_PLUGIN_DIR,'qgis_interaction','styling', 'klimaatsommen');schade_per_peilgebied_plas.qml
Klimaatsommen;Klimaatsommen;Schadekaarten;schade_per_peilgebied_overlast;;folder.threedi_results.climate_results[revision].output.path;schade_per_peilgebied_overlast.shp;;vector;os.path.join(HHNK_THREEDI_PLUGIN_DIR,'qgis_interaction','styling', 'klimaatsommen');schade_per_peilgebied_overlast.qml
Klimaatsommen;Klimaatsommen;Schadekaarten;cw_schade_overlast;;folder.threedi_results.climate_results[revision].output.path;cw_schade_overlast.tif;;raster;os.path.join(HHNK_THREEDI_PLUGIN_DIR,'qgis_interaction','styling', 'klimaatsommen');cw_schade_overlast.qml
Klimaatsommen;Klimaatsommen;Schadekaarten;cw_schade_plas;;folder.threedi_results.climate_results[revision].output.path;cw_schade_plas.tif;;raster;os.path.join(HHNK_THREEDI_PLUGIN_DIR,'qgis_interaction','styling', 'klimaatsommen');cw_schade_plas.qml
Klimaatsommen;Klimaatsommen;Schade correctie;schade_per_peilgebied_correctie;;folder.threedi_results.climate_results[revision].output.path;schade_per_peilgebied_correctie.shp;;vector;os.path.join(HHNK_THREEDI_PLUGIN_DIR,'qgis_interaction','styling', 'klimaatsommen');schade_per_peilgebied_correctie.qml
Klimaatsommen;Klimaatsommen;Schade correctie;schade_per_peilgebied_plas_correctie;;folder.threedi_results.climate_results[revision].output.path;schade_per_peilgebied_plas_correctie.shp;;vector;os.path.join(HHNK_THREEDI_PLUGIN_DIR,'qgis_interaction','styling', 'klimaatsommen');schade_per_peilgebied_plas_correctie.qml
Klimaatsommen;Klimaatsommen;Schade correctie;schade_per_peilgebied_overlast_correctie;;folder.threedi_results.climate_results[revision].output.path;schade_per_peilgebied_overlast_correctie.shp;;vector;os.path.join(HHNK_THREEDI_PLUGIN_DIR,'qgis_interaction','styling', 'klimaatsommen');schade_per_peilgebied_overlast_correctie.qml
Klimaatsommen;Klimaatsommen;Schade correctie;cw_schade_overlast_correctie;;folder.threedi_results.climate_results[revision].output.path;cw_schade_overlast_correctie.tif;;raster;os.path.join(HHNK_THREEDI_PLUGIN_DIR,'qgis_interaction','styling', 'klimaatsommen');cw_schade_overlast_correctie.qml
Klimaatsommen;Klimaatsommen;Schade correctie;cw_schade_plas_correctie;;folder.threedi_results.climate_results[revision].output.path;cw_schade_plas_correctie.tif;;raster;os.path.join(HHNK_THREEDI_PLUGIN_DIR,'qgis_interaction','styling', 'klimaatsommen');cw_schade_plas_correctie.qml
