subject;group_lst;qgis_name;filters;filedir;filename;suffix;wms_source;qmldir;qmlnames;theme_0d1d - Kaart 1: Debiet;theme_0d1d - Kaart 2: Uitzakken initieel peil;theme_0d1d - Kaart 3: Streefpeilhandhaving;theme_0d1d - Kaart 4: Verhang en opstuwing;theme_0d1d - Kaart 5: Stabiele waterstandsverhoging einde regen;theme_0d1d - Kaart 6: Herstel streefpeil;"""theme_1d2d - Kaart 1: Bank level test""";theme_1d2d - Kaart 2: Debiet;theme_1d2d - Kaart 3: Waterdiepte;theme_DAMO;theme_DAMO Live verbinding;theme_DEM;theme_Datachecker: Data niet in model;theme_Lege Kaart;theme_Modelbuilder check;theme_SQLite test: Drooglegging;theme_SQLite test: Verschil oppervlaktewater;theme_Testprotocol1d2d - Kaart 1: Stroming over peilgrens;theme_Inundatie totaal;theme_Klimaatsommen - Kaart 1: Inundatie plas;theme_Klimaatsommen - Kaart 2: Inundatie overlast;theme_Klimaatsommen - Kaart 3: Ruimtekaart;theme_Klimaatsommen - Kaart 5: Schade totaal;theme_Klimaatsommen - Kaart 6: Schade plas;theme_Klimaatsommen - Kaart 7: Schade overlast;theme_Klimaatsommen - Kaart 8: Schade totaal corr;theme_Klimaatsommen - Kaart 9: Schade plas corr;theme_Klimaatsommen - Kaart 10: Schade overlast corr
test_protocol;['Opmerkingen'];Opmerkingen;;folder.source_data.wsa_output_administratie.path;opmerkingen;shp;;os.path.join(HHNK_THREEDI_PLUGIN_DIR,'qgis_interaction','styling', 'test_protocol_v21');opmerkingen.qml;;;;;;;;;;;;;;;;;;;;;;;;;;;;
test_protocol;['Datachecker output','Foute data niet in model'];Watergang: channel loose;layername=channel_loose;folder.source_data.path;datachecker_output;gpkg;;os.path.join(HHNK_THREEDI_PLUGIN_DIR,'qgis_interaction','styling', 'test_protocol_v21');watergang_channel_loose.qml;;;;;;;;;;;;;True;;;;;;;;;;;;;;;
test_protocol;['Datachecker output','Foute data niet in model'];Watergang: channel nowayout;layername=channel_nowayout;folder.source_data.path;datachecker_output;gpkg;;os.path.join(HHNK_THREEDI_PLUGIN_DIR,'qgis_interaction','styling', 'test_protocol_v21');watergang_channel_nowayout.qml;;;;;;;;;;;;;True;;;;;;;;;;;;;;;
test_protocol;['Datachecker output','Foute data niet in model'];Duikers niet in model;"layername=culvert|subset=""isusable"" = '0'";folder.source_data.path;datachecker_output;gpkg;;os.path.join(HHNK_THREEDI_PLUGIN_DIR,'qgis_interaction','styling', 'test_protocol_v21');duikers_niet_in_model.qml;;;;;;;;;;;;;True;;;;;;;;;;;;;;;
test_protocol;['Datachecker output','Foute data niet in model'];Stuwen niet in model;"layername=weirs|subset=""isusable"" = '0'";folder.source_data.path;datachecker_output;gpkg;;os.path.join(HHNK_THREEDI_PLUGIN_DIR,'qgis_interaction','styling', 'test_protocol_v21');stuwen_niet_in_model.qml;;;;;;;;;;;;;True;;;;;;;;;;;;;;;
test_protocol;['Datachecker output','Foute data niet in model'];Bruggen niet in model;"layername=bridge|subset=""isusable"" = '0'";folder.source_data.path;datachecker_output;gpkg;;os.path.join(HHNK_THREEDI_PLUGIN_DIR,'qgis_interaction','styling', 'test_protocol_v21');bruggen_niet_in_model.qml;;;;;;;;;;;;;True;;;;;;;;;;;;;;;
test_protocol;['Datachecker output','Foute data niet in model'];Vaste dammen niet in model;"layername=fixed_dam|subset=""isusable"" = '0'";folder.source_data.path;datachecker_output;gpkg;;os.path.join(HHNK_THREEDI_PLUGIN_DIR,'qgis_interaction','styling', 'test_protocol_v21');vaste_dammen_niet_in_model.qml;;;;;;;;;;;;;True;;;;;;;;;;;;;;;
test_protocol;['Datachecker output','Foute data niet in model'];Gemaal niet in model;"layername=pumpstation|subset=""isusable"" = '0'";folder.source_data.path;datachecker_output;gpkg;;os.path.join(HHNK_THREEDI_PLUGIN_DIR,'qgis_interaction','styling', 'test_protocol_v21');gemaal_niet_in_model.qml;;;;;;;;;;;;;True;;;;;;;;;;;;;;;
test_protocol;['Datachecker output','Foute data niet in model'];Kunstwerk ontbreekt (KZK);layername=kruising_zonder_kunstwerk;folder.source_data.path;datachecker_output;gpkg;;os.path.join(HHNK_THREEDI_PLUGIN_DIR,'qgis_interaction','styling', 'test_protocol_v21');kzk.qml;;;;;;;;;;;;;True;;;;;;;;;;;;;;;
test_protocol;['Datachecker output','Foute data niet in model'];Profiel niet in model;"layername=crosssection|subset=""isusable"" = '0'";folder.source_data.path;datachecker_output;gpkg;;os.path.join(HHNK_THREEDI_PLUGIN_DIR,'qgis_interaction','styling', 'test_protocol_v21');gemeten_niet_in_model.qml;;;;;;;;;;;;;True;;;;;;;;;;;;;;;
test_protocol;['Datachecker output','Aannames'];Duiker aanname: doorstroomafmeting;"layername=culvert|subset=""aanname"" LIKE ('%width,width%')";folder.source_data.path;datachecker_output;gpkg;;os.path.join(HHNK_THREEDI_PLUGIN_DIR,'qgis_interaction','styling', 'test_protocol_v21');duiker_aanname_doorstroomafmeting.qml;;;;;;;;;;;;;;;;;;;;;;;;;;;;
test_protocol;['Datachecker output','Aannames'];Duiker aanname: bob;"layername=culvert|subset=""aanname"" LIKE ('%bed_level_up%')";folder.source_data.path;datachecker_output;gpkg;;os.path.join(HHNK_THREEDI_PLUGIN_DIR,'qgis_interaction','styling', 'test_protocol_v21');duiker_aanname_bob.qml;;;;;;;;;;;;;;;;;;;;;;;;;;;;
test_protocol;['Datachecker output','Aannames'];Levee: 30 cm boven max peil;layername=levee;folder.source_data.path;datachecker_output;gpkg;;os.path.join(HHNK_THREEDI_PLUGIN_DIR,'qgis_interaction','styling', 'test_protocol_v21');levee_30_cm_boven_max_peil.qml;;;;;;;;;;;;;;;;;;;;;;;;;;;;
test_protocol;['Datachecker output','Aannames'];Stuw aanname: breedte;"layername=weirs|subset=""aanname"" LIKE ('%crest_width%')";folder.source_data.path;datachecker_output;gpkg;;os.path.join(HHNK_THREEDI_PLUGIN_DIR,'qgis_interaction','styling', 'test_protocol_v21');stuw_aanname_breedte.qml;;;;;;;;;;;;;;;;;;;;;;;;;;;;
test_protocol;['Datachecker output','Aannames'];Peilgebied aanname: streefpeil;"layername=fixeddrainagelevelarea|subset=""streefpeil_bwn2"" = -10'";folder.source_data.path;datachecker_output;gpkg;;os.path.join(HHNK_THREEDI_PLUGIN_DIR,'qgis_interaction','styling', 'test_protocol_v21');peilgebied_aanname_streefpeil.qml;;;;;;;;;;True;;;;;;;;;;;;;;;;;;
test_protocol;['Datachecker output','Wel in model'];datachecker_output channel;layername=channel;folder.source_data.path;datachecker_output;gpkg;;os.path.join(HHNK_THREEDI_PLUGIN_DIR,'qgis_interaction','styling', 'test_protocol_v21');datachecker_output_channel.qml;;;;;;;;;;;;;;;;;;;;;;;;;;;;
test_protocol;['Datachecker output','Wel in model'];Stuwen wel in model;"layername=weirs|subset=""isusable"" = '1'";folder.source_data.path;datachecker_output;gpkg;;os.path.join(HHNK_THREEDI_PLUGIN_DIR,'qgis_interaction','styling', 'test_protocol_v21');stuwen_wel_in_model.qml;;;;;;;;;;;;;;;;;;;;;;;;;;;;
test_protocol;['Datachecker output','Wel in model'];Duikers wel in model;"layername=culvert|subset=""isusable"" = '1'";folder.source_data.path;datachecker_output;gpkg;;os.path.join(HHNK_THREEDI_PLUGIN_DIR,'qgis_interaction','styling', 'test_protocol_v21');duikers_wel_in_model.qml;;;;;;;;;;;;;;;;;;;;;;;;;;;;
test_protocol;['Datachecker output','Wel in model'];Bruggen wel in model;"layername=bridge|subset=""isusable"" = '1'";folder.source_data.path;datachecker_output;gpkg;;os.path.join(HHNK_THREEDI_PLUGIN_DIR,'qgis_interaction','styling', 'test_protocol_v21');bruggen_wel_in_model.qml;;;;;;;;;;;;;;;;;;;;;;;;;;;;
test_protocol;['Datachecker output','Wel in model'];Vaste dammen wel in model;"layername=fixed_dam|subset=""isusable"" = '1'";folder.source_data.path;datachecker_output;gpkg;;os.path.join(HHNK_THREEDI_PLUGIN_DIR,'qgis_interaction','styling', 'test_protocol_v21');vaste_dammen_wel_in_model.qml;;;;;;;;;;;;;;;;;;;;;;;;;;;;
test_protocol;['Datachecker output','Wel in model'];Gemaal wel in model;"layername=pumpstation|subset=""isusable"" = '1'";folder.source_data.path;datachecker_output;gpkg;;os.path.join(HHNK_THREEDI_PLUGIN_DIR,'qgis_interaction','styling', 'test_protocol_v21');gemaal_wel_in_model.qml;;;;;;;;;;;;;;;;;;;;;;;;;;;;
test_protocol;['Modelbuilder feedback'];misfit_lines;;folder.source_data.modelbuilder.path;misfit_lines;shp;;os.path.join(HHNK_THREEDI_PLUGIN_DIR,'qgis_interaction','styling', 'test_protocol_v21');misfit_lines.qml;;;;;;;;;;;;;;;True;;;;;;;;;;;;;
test_protocol;['Modelbuilder feedback'];misfit_points;;folder.source_data.modelbuilder.path;misfit_points;shp;;os.path.join(HHNK_THREEDI_PLUGIN_DIR,'qgis_interaction','styling', 'test_protocol_v21');misfit_points.qml;;;;;;;;;;;;;;;True;;;;;;;;;;;;;
test_protocol;['Modelbuilder feedback'];Model feedback ter info;"layerid=0|subset=""message"" IN ('Channel segment too short (<5m)','Reference level lowered due to culvert','Reference level lowered due to orifice','culvert ending connection node receives 10m2 storage','weir ending connection node receives 10m2 storage','connection node was removed because it was not connected')";folder.source_data.modelbuilder.path;model_feedback;shp;;os.path.join(HHNK_THREEDI_PLUGIN_DIR,'qgis_interaction','styling', 'test_protocol_v21');model_feedback_ter_info.qml;;;;;;;;;;;;;;;True;;;;;;;;;;;;;
test_protocol;['Modelbuilder feedback'];Model feedback naar kijken;"layerid=0|subset=""message"" NOT IN ('Channel segment too short (<5m)','Reference level lowered due to culvert','Reference level lowered due to orifice','culvert ending connection node receives 10m2 storage','weir ending connection node receives 10m2 storage','connection node was removed because it was not connected')";folder.source_data.modelbuilder.path;model_feedback;shp;;os.path.join(HHNK_THREEDI_PLUGIN_DIR,'qgis_interaction','styling', 'test_protocol_v21');model_feedback_naar_kijken.qml;;;;;;;;;;;;;;;True;;;;;;;;;;;;;
test_protocol;['Modelbuilder feedback'];Model feedback ernstig;"layerid=0|subset=""level"" NOT IN ('INFO', 'WARNING')";folder.source_data.modelbuilder.path;model_feedback;shp;;os.path.join(HHNK_THREEDI_PLUGIN_DIR,'qgis_interaction','styling', 'test_protocol_v21');model_feedback_ernstig.qml;;;;;;;;;;;;;;;True;;;;;;;;;;;;;
test_protocol;['HDB export'];HDB duikers op peilgrens;layername=duikers_op_peilgrens;folder.source_data.path;HDB;gpkg;;os.path.join(HHNK_THREEDI_PLUGIN_DIR,'qgis_interaction','styling', 'test_protocol_v21');hdb_duikers_op_peilgrens.qml;;;;;;;;;;;;;;;;;;;;;;;;;;;;
test_protocol;['HDB export'];HDB stuwen op peilgrens;layername=stuwen_op_peilgrens;folder.source_data.path;HDB;gpkg;;os.path.join(HHNK_THREEDI_PLUGIN_DIR,'qgis_interaction','styling', 'test_protocol_v21');hdb_stuwen_op_peilgrens.qml;;;;;;;;;;;;;;;;;;;;;;;;;;;;
test_protocol;['HDB export'];HDB gemalen op peilgrens;layername=gemalen_op_peilgrens;folder.source_data.path;HDB;gpkg;;os.path.join(HHNK_THREEDI_PLUGIN_DIR,'qgis_interaction','styling', 'test_protocol_v21');hdb_gemalen_op_peilgrens.qml;;;;;;;;;;;;;;;;;;;;;;;;;;;;
test_protocol;['HDB export'];HDB Levee_overstromingsmodel;layername=Levee_overstromingsmodel;folder.source_data.path;HDB;gpkg;;os.path.join(HHNK_THREEDI_PLUGIN_DIR,'qgis_interaction','styling', 'test_protocol_v21');hdb_levee_overstromingsmodel.qml;;;;;;;;;;;;;;;;;;;;;;;;;;;;
test_protocol;['DAMO export'];Stuw;layername=Stuw;folder.source_data.path;DAMO;gpkg;;os.path.join(HHNK_THREEDI_PLUGIN_DIR,'qgis_interaction','styling', 'test_protocol_v21');DAMO_stuw.qml;;True;True;True;True;True;;True;True;True;;;;;;;;;;;;;;;;;;
test_protocol;['DAMO export'];Stuw, automatisch (HDB);layername=Sturing_3Di;folder.source_data.path;HDB;gpkg;;os.path.join(HHNK_THREEDI_PLUGIN_DIR,'qgis_interaction','styling', 'test_protocol_v21');HDB_stuw_automatisch.qml;;;;;;;;;;True;;;;;;;;;;;;;;;;;;
test_protocol;['DAMO export'];Brug;layername=Brug;folder.source_data.path;DAMO;gpkg;;os.path.join(HHNK_THREEDI_PLUGIN_DIR,'qgis_interaction','styling', 'test_protocol_v21');DAMO_brug.qml;;;;True;;True;;;;True;;;;;;;;;;;;;;;;;;
test_protocol;['DAMO export'];Gemaal;layername=Gemaal;folder.source_data.path;DAMO;gpkg;;os.path.join(HHNK_THREEDI_PLUGIN_DIR,'qgis_interaction','styling', 'test_protocol_v21');DAMO_gemaal.qml;;True;True;True;True;True;;True;True;True;;;;;;;;;;;;;;;;;;
test_protocol;['DAMO export'];DuikerSifonHevel;layername=DuikerSifonHevel;folder.source_data.path;DAMO;gpkg;;os.path.join(HHNK_THREEDI_PLUGIN_DIR,'qgis_interaction','styling', 'test_protocol_v21');DAMO_duiker.qml;;True;True;;True;True;;;;True;;;;True;;;;;;;;;;;;;;
test_protocol;['DAMO export'];Aquaduct;layername=AquaductLijn;folder.source_data.path;DAMO;gpkg;;os.path.join(HHNK_THREEDI_PLUGIN_DIR,'qgis_interaction','styling', 'test_protocol_v21');DAMO_aquaduct.qml;;;;;;;;;;True;;;;;;;;;;;;;;;;;;
test_protocol;['DAMO export'];VasteDam;layername=VasteDam;folder.source_data.path;DAMO;gpkg;;os.path.join(HHNK_THREEDI_PLUGIN_DIR,'qgis_interaction','styling', 'test_protocol_v21');DAMO_vaste_dam.qml;;;;;;;;;;True;;;;;;;;;;;;;;;;;;
test_protocol;['DAMO export'];Vispassage;layername=Vispassage;folder.source_data.path;DAMO;gpkg;;os.path.join(HHNK_THREEDI_PLUGIN_DIR,'qgis_interaction','styling', 'test_protocol_v21');DAMO_vispassage.qml;;;;;;;;;;;;;;;;;;;;;;;;;;;;
test_protocol;['DAMO export'];Sluis;layername=Sluis;folder.source_data.path;DAMO;gpkg;;os.path.join(HHNK_THREEDI_PLUGIN_DIR,'qgis_interaction','styling', 'test_protocol_v21');DAMO_sluis.qml;;;True;True;;True;;;;True;;;;;;;;;;;;;;;;;;
test_protocol;['DAMO export'];datachecker crosssection;layername=crosssection;folder.source_data.path;datachecker_output;gpkg;;os.path.join(HHNK_THREEDI_PLUGIN_DIR,'qgis_interaction','styling', 'test_protocol_v21');datachecker_crosssection.qml;;;;;;;;;;True;;;;;;;;;;;;;;;;;;
test_protocol;['DAMO export'];DAMO GW_PRO;layername=GW_PRO;folder.source_data.path;DAMO;gpkg;;os.path.join(HHNK_THREEDI_PLUGIN_DIR,'qgis_interaction','styling', 'test_protocol_v21');damo_gw_pro.qml;;;;;;;;;;True;;;;;;;;;;;;;;;;;;
test_protocol;['DAMO export'];Waterlopen;layername=HydroObject;folder.source_data.path;DAMO;gpkg;;os.path.join(HHNK_THREEDI_PLUGIN_DIR,'qgis_interaction','styling', 'test_protocol_v21');waterlopen.qml;;True;True;;True;True;;;;True;;;;True;;;;;;;;;;;;;;
test_protocol;['Peilgebieden'];hydro_deelgebieden (hdb);layername=hydro_deelgebieden;folder.source_data.path;HDB;gpkg;;os.path.join(HHNK_THREEDI_PLUGIN_DIR,'qgis_interaction','styling', 'test_protocol_v21');hydro_deelgebieden_(hdb).qml;;;;;;;;;;True;;;;;;;;;;;;;;;;;;
test_protocol;['Peilgebieden'];PeilafwijkingGebied (damo);layername=PeilafwijkingGebied;folder.source_data.path;DAMO;gpkg;;os.path.join(HHNK_THREEDI_PLUGIN_DIR,'qgis_interaction','styling', 'test_protocol_v21');peilafwijkinggebied_(damo).qml;;;;;;;;;;True;;;;;; ;;;;;;;;;;;;
test_protocol;['Peilgebieden'];PeilgebiedPraktijk (damo);layername=PeilgebiedPraktijk;folder.source_data.path;DAMO;gpkg;;os.path.join(HHNK_THREEDI_PLUGIN_DIR,'qgis_interaction','styling', 'test_protocol_v21');peilgebiedpraktijk_(damo).qml;;True;True;True;True;True;True;True;;True;;;;;;;;;;;;;;;;;;
test_protocol;['Peilgebieden'];Peilgebieden (datacheck);"layername=fixeddrainagelevelarea|subset=""code"" NOT LIKE ('%1000%')";folder.source_data.path;datachecker_output;gpkg;;os.path.join(HHNK_THREEDI_PLUGIN_DIR,'qgis_interaction','styling', 'test_protocol_v21');peilgebieden_(datacheck).qml;;;;;;;;;;True;;True;;;;;;;;;;;;;;;;
test_protocol;['Peilgebieden'];polder_polygon;;folder.source_data.path;polder_polygon;shp;;os.path.join(HHNK_THREEDI_PLUGIN_DIR,'qgis_interaction','styling', 'test_protocol_v21');polder_polygon.qml;;True;True;True;True;True;True;True;True;True;True;True;True;True;True;True;True;True;True;;;;;;;;;
test_protocol;['DAMO huidig (WMS - HHNK)'];Stuw;;;;;crs='EPSG:28992' layer='28' url='https://maps.hhnk.nl/arcgis/rest/services/ws/geoweb_ws_kunstwerken_en_inrichtingselementen/MapServer';os.path.join(HHNK_THREEDI_PLUGIN_DIR,'qgis_interaction','styling', 'test_protocol_v21');DAMO_stuw.qml;;;;;;;;;;;True;;;;;;;;;;;;;;;;;
test_protocol;['DAMO huidig (WMS - HHNK)'];Brug;;;;;crs='EPSG:28992' layer='12' url='https://maps.hhnk.nl/arcgis/rest/services/ws/geoweb_ws_kunstwerken_en_inrichtingselementen/MapServer';os.path.join(HHNK_THREEDI_PLUGIN_DIR,'qgis_interaction','styling', 'test_protocol_v21');DAMO_brug.qml;;;;;;;;;;;True;;;;;;;;;;;;;;;;;
test_protocol;['DAMO huidig (WMS - HHNK)'];Gemaal;;;;;crs='EPSG:28992' layer='1' url='https://maps.hhnk.nl/arcgis/rest/services/ws/geoweb_ws_kunstwerken_en_inrichtingselementen/MapServer';os.path.join(HHNK_THREEDI_PLUGIN_DIR,'qgis_interaction','styling', 'test_protocol_v21');DAMO_gemaal.qml;;;;;;;;;;;True;;;;;;;;;;;;;;;;;
test_protocol;['DAMO huidig (WMS - HHNK)'];Gemaal peilafwijking;;;;;crs='EPSG:28992' layer='2' url='https://maps.hhnk.nl/arcgis/rest/services/ws/geoweb_ws_kunstwerken_en_inrichtingselementen/MapServer';os.path.join(HHNK_THREEDI_PLUGIN_DIR,'qgis_interaction','styling', 'test_protocol_v21');gemaal_peilafwijking.qml;;;;;;;;;;;True;;;;;;;;;;;;;;;;;
test_protocol;['DAMO huidig (WMS - HHNK)'];Duiker syphon hevel;;;;;crs='EPSG:28992' layer='9' url='https://maps.hhnk.nl/arcgis/rest/services/ws/geoweb_ws_kunstwerken_en_inrichtingselementen/MapServer';os.path.join(HHNK_THREEDI_PLUGIN_DIR,'qgis_interaction','styling', 'test_protocol_v21');duiker_syphon_hevel.qml;;;;;;;;;;;;;;;;;;;;;;;;;;;;
test_protocol;['DAMO huidig (WMS - HHNK)'];Duiker, syphon, hevel (lijn);;;;;crs='EPSG:28992' layer='10' url='https://maps.hhnk.nl/arcgis/rest/services/ws/geoweb_ws_kunstwerken_en_inrichtingselementen/MapServer';os.path.join(HHNK_THREEDI_PLUGIN_DIR,'qgis_interaction','styling', 'test_protocol_v21');duiker,_syphon,_hevel_(lijn).qml;;;;;;;;;;;True;;;;;;;;;;;;;;;;;
test_protocol;['DAMO huidig (WMS - HHNK)'];Aquaduct lijn;;;;;crs='EPSG:28992' layer='6' url='https://maps.hhnk.nl/arcgis/rest/services/ws/geoweb_ws_kunstwerken_en_inrichtingselementen/MapServer';os.path.join(HHNK_THREEDI_PLUGIN_DIR,'qgis_interaction','styling', 'test_protocol_v21');aquaduct_lijn.qml;;;;;;;;;;;True;;;;;;;;;;;;;;;;;
test_protocol;['DAMO huidig (WMS - HHNK)'];Aquaduct punt;;;;;crs='EPSG:28992' layer='5' url='https://maps.hhnk.nl/arcgis/rest/services/ws/geoweb_ws_kunstwerken_en_inrichtingselementen/MapServer';os.path.join(HHNK_THREEDI_PLUGIN_DIR,'qgis_interaction','styling', 'test_protocol_v21');aquaduct_punt.qml;;;;;;;;;;;;;;;;;;;;;;;;;;;;
test_protocol;['DAMO huidig (WMS - HHNK)'];Dam;;;;;crs='EPSG:28992' layer='11' url='https://maps.hhnk.nl/arcgis/rest/services/ws/geoweb_ws_kunstwerken_en_inrichtingselementen/MapServer';os.path.join(HHNK_THREEDI_PLUGIN_DIR,'qgis_interaction','styling', 'test_protocol_v21');DAMO_vaste_dam.qml;;;;;;;;;;;True;;;;;;;;;;;;;;;;;
test_protocol;['DAMO huidig (WMS - HHNK)'];Vispassage;;;;;crs='EPSG:28992' layer='15' url='https://maps.hhnk.nl/arcgis/rest/services/ws/geoweb_ws_kunstwerken_en_inrichtingselementen/MapServer';os.path.join(HHNK_THREEDI_PLUGIN_DIR,'qgis_interaction','styling', 'test_protocol_v21');DAMO_vispassage.qml;;;;;;;;;;;True;;;;;;;;;;;;;;;;;
test_protocol;['DAMO huidig (WMS - HHNK)'];Sluis;;;;;crs='EPSG:28992' layer='3' url='https://maps.hhnk.nl/arcgis/rest/services/ws/geoweb_ws_kunstwerken_en_inrichtingselementen/MapServer';os.path.join(HHNK_THREEDI_PLUGIN_DIR,'qgis_interaction','styling', 'test_protocol_v21');DAMO_sluis.qml;;;;;;;;;;True;True;;;;;;;;;;;;;;;;;
test_protocol;['DAMO huidig (WMS - HHNK)'];Boezem;;;;;crs='EPSG:28992' layer='0' url='https://maps.hhnk.nl/arcgis/rest/services/ws/geoweb_ws_oppervlaktewateren/MapServer';os.path.join(HHNK_THREEDI_PLUGIN_DIR,'qgis_interaction','styling', 'test_protocol_v21');boezem.qml;;;;;;;;;;;True;;;;;;;;;;;;;;;;;
test_protocol;['DAMO huidig (WMS - HHNK)'];Waterlopen, primair;;;;;crs='EPSG:28992' layer='1' url='https://maps.hhnk.nl/arcgis/rest/services/ws/geoweb_ws_oppervlaktewateren/MapServer';os.path.join(HHNK_THREEDI_PLUGIN_DIR,'qgis_interaction','styling', 'test_protocol_v21');waterlopen,_primair.qml;;;;;;;;;;;True;;;;;;;;;;;;;;;;;
test_protocol;['DAMO huidig (WMS - HHNK)'];Waterlopen, secundair, tertiair;;;;;crs='EPSG:28992' layer='2' url='https://maps.hhnk.nl/arcgis/rest/services/ws/geoweb_ws_oppervlaktewateren/MapServer';os.path.join(HHNK_THREEDI_PLUGIN_DIR,'qgis_interaction','styling', 'test_protocol_v21');waterlopen,_secundair,_tertiair.qml;;;;;;;;;;;True;;;;;;;;;;;;;;;;;
test_protocol;['DAMO huidig (WMS - HHNK)'];PeilafwijkingGebied;;;;;crs='EPSG:28992' layer='28' url='https://maps.hhnk.nl/arcgis/rest/services/ws/geoweb_ws_gebieden/MapServer';os.path.join(HHNK_THREEDI_PLUGIN_DIR,'qgis_interaction','styling', 'test_protocol_v21');peilafwijkinggebied_(damo_huidig).qml;;;;;;;;;;;;;;;;;;;;;;;;;;;;
test_protocol;['DAMO huidig (WMS - HHNK)'];PeilgebiedPraktijk;;;;;crs='EPSG:28992' layer='19' url='https://maps.hhnk.nl/arcgis/rest/services/ws/geoweb_ws_gebieden/MapServer';os.path.join(HHNK_THREEDI_PLUGIN_DIR,'qgis_interaction','styling', 'test_protocol_v21');peilgebiedpraktijk_(damo_huidig).qml;;;;;;;;;;;;;;;;;;;;;;;;;;;;
test_1d2d;"[f""07. Testprotocol 1d2d tests [{revisions.check_1d2d}]"",'Kaart 1: Debiet']";stroming_vooraf_droog;;folder.output.one_d_two_d[revisions.check_1d2d].path;stroming_1d2d_test;gpkg;;os.path.join(HHNK_THREEDI_PLUGIN_DIR,'qgis_interaction','styling', 'one_d_two_d');flow_dry_category.qml;;;;;;;;True;;;;;;;;;;True;;;;;;;;;;
test_1d2d;"[f""07. Testprotocol 1d2d tests [{revisions.check_1d2d}]"",'Kaart 1: Debiet']";stroming_einde_piek;"subset=""content_type"" != '1d2d'";folder.output.one_d_two_d[revisions.check_1d2d].path;stroming_1d2d_test;gpkg;;os.path.join(HHNK_THREEDI_PLUGIN_DIR,'qgis_interaction','styling', 'one_d_two_d');flow_amount.qml;;;;;;;;True;;;;;;;;;;;;;;;;;;;;
test_1d2d;"[f""07. Testprotocol 1d2d tests [{revisions.check_1d2d}]"",'Kaart 1: Debiet']";1d2d_stroming_einde_piek;"subset=""content_type"" = '1d2d'";folder.output.one_d_two_d[revisions.check_1d2d].path;stroming_1d2d_test;gpkg;;os.path.join(HHNK_THREEDI_PLUGIN_DIR,'qgis_interaction','styling', 'one_d_two_d');flow_amount.qml;;;;;;;;True;;;;;;;;;;;;;;;;;;;;
test_1d2d;"[f""07. Testprotocol 1d2d tests [{revisions.check_1d2d}]"",'Kaart 2: Waterdiepte']";Waterdiepte_T1_uur;;folder.output.one_d_two_d[revisions.check_1d2d].path;waterdiepte_T1;tif;;os.path.join(HHNK_THREEDI_PLUGIN_DIR,'qgis_interaction','styling', 'one_d_two_d');waterdepth.qml;;;;;;;;;True;;;;;;;;;;;;;;;;;;;
test_1d2d;"[f""07. Testprotocol 1d2d tests [{revisions.check_1d2d}]"",'Kaart 2: Waterdiepte']";Waterdiepte_T3_uur;;folder.output.one_d_two_d[revisions.check_1d2d].path;waterdiepte_T3;tif;;os.path.join(HHNK_THREEDI_PLUGIN_DIR,'qgis_interaction','styling', 'one_d_two_d');waterdepth.qml;;;;;;;;;True;;;;;;;;;;;;;;;;;;;
test_1d2d;"[f""07. Testprotocol 1d2d tests [{revisions.check_1d2d}]"",'Kaart 2: Waterdiepte']";Waterdiepte_T15_uur;;folder.output.one_d_two_d[revisions.check_1d2d].path;waterdiepte_T15;tif;;os.path.join(HHNK_THREEDI_PLUGIN_DIR,'qgis_interaction','styling', 'one_d_two_d');waterdepth.qml;;;;;;;;;True;;;;;;;;;;;;;;;;;;;
test_1d2d;"[f""07. Testprotocol 1d2d tests [{revisions.check_1d2d}]"",'Kaart 2: Waterstand']";Waterstand_T1_uur;;folder.output.one_d_two_d[revisions.check_1d2d].path;waterstand_T1;tif;;os.path.join(HHNK_THREEDI_PLUGIN_DIR,'qgis_interaction','styling', 'one_d_two_d');waterlevel.qml;;;;;;;;;;;;;;;;;;;;;;;;;;;;
test_1d2d;"[f""07. Testprotocol 1d2d tests [{revisions.check_1d2d}]"",'Kaart 2: Waterstand']";Waterstand_T3_uur;;folder.output.one_d_two_d[revisions.check_1d2d].path;waterstand_T3;tif;;os.path.join(HHNK_THREEDI_PLUGIN_DIR,'qgis_interaction','styling', 'one_d_two_d');waterlevel.qml;;;;;;;;;;;;;;;;;;;;;;;;;;;;
test_1d2d;"[f""07. Testprotocol 1d2d tests [{revisions.check_1d2d}]"",'Kaart 2: Waterstand']";Waterstand_T15_uur;;folder.output.one_d_two_d[revisions.check_1d2d].path;waterstand_T15;tif;;os.path.join(HHNK_THREEDI_PLUGIN_DIR,'qgis_interaction','styling', 'one_d_two_d');waterlevel.qml;;;;;;;;;;;;;;;;;;;;;;;;;;;;
test_1d2d;"[f""07. Testprotocol 1d2d tests [{revisions.check_1d2d}]""]";grid_nodes_2d;;folder.output.one_d_two_d[revisions.check_1d2d].path;grid_nodes_2d;gpkg;;os.path.join(HHNK_THREEDI_PLUGIN_DIR,'qgis_interaction','styling', 'one_d_two_d');grid_nodes_2d.qml;;;;;;;;;;;;;;;;;;;;;;;;;;;;
test_0d1d;"[f""05. Hydraulische Toets en 0d1d tests[{revisions.check_0d1d}]"",'Kaart 1: Verhang kunstwerken']";hydraulische_toets_kunstwerken;;folder.output.zero_d_one_d[revisions.check_0d1d].path;hydraulische_toets_kunstwerken;gpkg;;os.path.join(HHNK_THREEDI_PLUGIN_DIR,'qgis_interaction','styling', 'zero_d_one_d');hydraulische_toets_kunstwerken.qml;;;;True;;;;;;;;;;;;;;;;;;;;;;;;
test_0d1d;"[f""05. Hydraulische Toets en 0d1d tests[{revisions.check_0d1d}]"",'Kaart 1: Verhang kunstwerken']";hydraulische_toets_watergangen;;folder.output.zero_d_one_d[revisions.check_0d1d].path;hydraulische_toets_watergangen;gpkg;;os.path.join(HHNK_THREEDI_PLUGIN_DIR,'qgis_interaction','styling', 'zero_d_one_d');hydraulische_toets_watergangen.qml;;;;True;;;;;;;;;;;;;;;;;;;;;;;;
test_0d1d;"[f""05. Hydraulische Toets en 0d1d tests[{revisions.check_0d1d}]"",'Kaart 2: Uitzakking initieel peil']";waterstand_begin_regen_vs_begin_som;;folder.output.zero_d_one_d[revisions.check_0d1d].path;nodes_0d1d_test;gpkg;;os.path.join(HHNK_THREEDI_PLUGIN_DIR,'qgis_interaction','styling', 'zero_d_one_d');waterlvl_start_rain_vs_start_sum.qml;;True;;;;;;;;;;;;;;;;;;;;;;;;;;
test_0d1d;"[f""05. Hydraulische Toets en 0d1d tests[{revisions.check_0d1d}]"",'Kaart 3: Streefpeilhandhaving']";waterstand_einde_regen_vs_begin_regen;;folder.output.zero_d_one_d[revisions.check_0d1d].path;nodes_0d1d_test;gpkg;;os.path.join(HHNK_THREEDI_PLUGIN_DIR,'qgis_interaction','styling', 'zero_d_one_d');['waterlvl_end_rain_vs_start_rain__default.qml', 'waterlvl_end_rain_vs_start_rain__original.qml'];;;True;;;;;;;;;;;;;;;;;;;;;;;;;
test_0d1d;"[f""05. Hydraulische Toets en 0d1d tests[{revisions.check_0d1d}]"",'Kaart 5: Stabiele waterstandsverhoging einde regen']";waterstand_einde_regen_vs_1_dag_eerder;;folder.output.zero_d_one_d[revisions.check_0d1d].path;nodes_0d1d_test;gpkg;;os.path.join(HHNK_THREEDI_PLUGIN_DIR,'qgis_interaction','styling', 'zero_d_one_d');waterlvl_end_rain_vs_end_rain_min_1.qml;;;;;True;;;;;;;;;;;;;;;;;;;;;;;
test_0d1d;"[f""05. Hydraulische Toets en 0d1d tests[{revisions.check_0d1d}]"",'Kaart 6: Herstel streefpeil']";waterstand_einde_som_vs_start_som;;folder.output.zero_d_one_d[revisions.check_0d1d].path;nodes_0d1d_test;gpkg;;os.path.join(HHNK_THREEDI_PLUGIN_DIR,'qgis_interaction','styling', 'zero_d_one_d');waterlvl_end_sum_start_sum.qml;;;;;;True;;;;;;;;;;;;;;;;;;;;;;
test_0d1d;"[f""05. Hydraulische Toets en 0d1d tests[{revisions.check_0d1d}]""]";debiet_hyd_toets;;folder.output.zero_d_one_d[revisions.check_0d1d].path;hydraulische_toets_watergangen;gpkg;;os.path.join(HHNK_THREEDI_PLUGIN_DIR,'qgis_interaction','styling', 'zero_d_one_d');['debiet_hyd_toets__default.qml','debiet_hyd_toets__detailed.qml'];True;;;;;;;;;;;;;;;;;;;;;;;;;;;
test_sqlite;['04. Testprotocol sqlite'];geisoleerde watergangen;;folder.output.sqlite_tests.path;geisoleerde_watergangen;gpkg;;os.path.join(HHNK_THREEDI_PLUGIN_DIR,'qgis_interaction','styling', 'sqlite_test');isolated_channels.qml;;;;;;;;;;;;;;;;;;;;;;;;;;;;
test_sqlite;['04. Testprotocol sqlite'];gestuurde_kunstwerken;;folder.output.sqlite_tests.path;gestuurde_kunstwerken;gpkg;;os.path.join(HHNK_THREEDI_PLUGIN_DIR,'qgis_interaction','styling', 'sqlite_test');controlled_structs.qml;;;;;;;;;;;;;;;;;;;;;;;;;;;;
test_sqlite;['04. Testprotocol sqlite'];bodemhoogte_kunstwerken;;folder.output.sqlite_tests.path;bodemhoogte_kunstwerken;gpkg;;os.path.join(HHNK_THREEDI_PLUGIN_DIR,'qgis_interaction','styling', 'sqlite_test');;;;;;;;;;;;;;;;;;;;;;;;;;;;;
test_sqlite;['04. Testprotocol sqlite'];bodemhoogte_stuw;;folder.output.sqlite_tests.path;bodemhoogte_stuw;gpkg;;os.path.join(HHNK_THREEDI_PLUGIN_DIR,'qgis_interaction','styling', 'sqlite_test');weir_height.qml;;;;;;;;;;;;;;;;;;;;;;;;;;;;
test_sqlite;['04. Testprotocol sqlite','Gebruikte profielen'];watergangen_breedte;;folder.output.sqlite_tests.path;gebruikte_profielen;gpkg;;os.path.join(HHNK_THREEDI_PLUGIN_DIR,'qgis_interaction','styling', 'sqlite_test');channel_width.qml;;;;;;;;;;;;;;;;;;;;;;;;;;;;
test_sqlite;['04. Testprotocol sqlite','Gebruikte profielen'];watergangen_diepte;;folder.output.sqlite_tests.path;gebruikte_profielen;gpkg;;os.path.join(HHNK_THREEDI_PLUGIN_DIR,'qgis_interaction','styling', 'sqlite_test');channel_depth.qml;;;;;;;;;;;;;;;;;;;;;;;;;;;;
test_sqlite;['04. Testprotocol sqlite'];cross_section_duplicates;;folder.output.sqlite_tests.path;cross_section_duplicates;gpkg;;os.path.join(HHNK_THREEDI_PLUGIN_DIR,'qgis_interaction','styling', 'sqlite_test');cross_section_duplicates.qml;;;;;;;;;;;;;;;;;;;;;;;;;;;;
test_sqlite;['04. Testprotocol sqlite'];cross_section_no_vertex;;folder.output.sqlite_tests.path;cross_section_no_vertex;gpkg;;os.path.join(HHNK_THREEDI_PLUGIN_DIR,'qgis_interaction','styling', 'sqlite_test');cross_section_no_vertex.qml;;;;;;;;;;;;;;;;;;;;;;;;;;;;
test_sqlite;['04. Testprotocol sqlite'];ontwateringsdiepte;;folder.output.sqlite_tests.path;drooglegging;tif;;os.path.join(HHNK_THREEDI_PLUGIN_DIR,'qgis_interaction','styling', 'sqlite_test');dewatering_depth.qml;;;;;;;;;;;;;;;;True;;;;;;;;;;;;
test_sqlite;['04. Testprotocol sqlite','Areaal waterberging op streefpeil'];DAMO Waterdeel;layername=Waterdeel;folder.source_data.path;DAMO;gpkg;;os.path.join(HHNK_THREEDI_PLUGIN_DIR,'qgis_interaction','styling', 'sqlite_test');;;;;;;;;;;;;;;;;;;;;;;;;;;;;
test_sqlite;['04. Testprotocol sqlite','Areaal waterberging op streefpeil'];Channel surface from modelbuilder;;folder.source_data.modelbuilder.path;channel_surface_from_profiles;shp;;os.path.join(HHNK_THREEDI_PLUGIN_DIR,'qgis_interaction','styling', 'sqlite_test');;;;;;;;;;;;;;;;;;;;;;;;;;;;;
test_sqlite;['04. Testprotocol sqlite','Areaal waterberging op streefpeil'];Verschil oppervlaktewater;;folder.output.sqlite_tests.path;wateroppervlak;gpkg;;os.path.join(HHNK_THREEDI_PLUGIN_DIR,'qgis_interaction','styling', 'sqlite_test');watersurface_area.qml;;;;;;;;;;;;;;;;;True;;;;;;;;;;;
klimaatsommen;"[f""Klimaatsommen [{revisions.klimaatsommen}]"", ""Resultaat klimaatsommen""]";ruimtekaart;;folder.threedi_results.climate_results[revisions.klimaatsommen].output.path;ruimtekaart;shp;;os.path.join(HHNK_THREEDI_PLUGIN_DIR,'qgis_interaction','styling', 'klimaatsommen');ruimtekaart.qml;;;;;;;;;;;;;;;;;;;;;;True;;;;;;
klimaatsommen;"[f""Klimaatsommen [{revisions.klimaatsommen}]"", ""Resultaat klimaatsommen""]";peilgebieden;;folder.source_data.peilgebieden.path;peilgebieden;shp;;os.path.join(HHNK_THREEDI_PLUGIN_DIR,'qgis_interaction','styling', 'klimaatsommen');peilgebieden.qml;;;;;;;;;;;;;;;;;;;;;;;;;;;;
klimaatsommen;"[f""Klimaatsommen [{revisions.klimaatsommen}]"", ""Resultaat klimaatsommen""]";geen_schade;;folder.source_data.peilgebieden.path;geen_schade;shp;;os.path.join(HHNK_THREEDI_PLUGIN_DIR,'qgis_interaction','styling', 'klimaatsommen');geen_schade.qml;;;;;;;;;;;;;;;;;;;;;;;;;;;;
klimaatsommen;"[f""Klimaatsommen [{revisions.klimaatsommen}]"", ""Inundatievlakken""]";inundatievlak_T0010;;folder.threedi_results.climate_results[revisions.klimaatsommen].output.path;inundatiediepte_T0010;tif;;os.path.join(HHNK_THREEDI_PLUGIN_DIR,'qgis_interaction','styling', 'klimaatsommen');inundatievlak_T0010.qml;;;;;;;;;;;;;;;;;;;True;;;;;;;;;
klimaatsommen;"[f""Klimaatsommen [{revisions.klimaatsommen}]"", ""Inundatievlakken""]";inundatievlak_T0100;;folder.threedi_results.climate_results[revisions.klimaatsommen].output.path;inundatiediepte_T0100;tif;;os.path.join(HHNK_THREEDI_PLUGIN_DIR,'qgis_interaction','styling', 'klimaatsommen');inundatievlak_T0100.qml;;;;;;;;;;;;;;;;;;;True;;;;;;;;;
klimaatsommen;"[f""Klimaatsommen [{revisions.klimaatsommen}]"", ""Inundatievlakken""]";inundatievlak_T1000;;folder.threedi_results.climate_results[revisions.klimaatsommen].output.path;inundatiediepte_T1000;tif;;os.path.join(HHNK_THREEDI_PLUGIN_DIR,'qgis_interaction','styling', 'klimaatsommen');inundatievlak_T1000.qml;;;;;;;;;;;;;;;;;;;True;;;;;;;;;
klimaatsommen;"[f""Klimaatsommen [{revisions.klimaatsommen}]"", ""Inundatievlakken_plas""]";inundatievlak_T0010_plas;;folder.threedi_results.climate_results[revisions.klimaatsommen].output.path;inundatiediepte_T0010_plas;tif;;os.path.join(HHNK_THREEDI_PLUGIN_DIR,'qgis_interaction','styling', 'klimaatsommen');inundatievlak_T0010.qml;;;;;;;;;;;;;;;;;;;;;;;;;;;;
klimaatsommen;"[f""Klimaatsommen [{revisions.klimaatsommen}]"", ""Inundatievlakken_plas""]";inundatievlak_T0100_plas;;folder.threedi_results.climate_results[revisions.klimaatsommen].output.path;inundatiediepte_T0100_plas;tif;;os.path.join(HHNK_THREEDI_PLUGIN_DIR,'qgis_interaction','styling', 'klimaatsommen');inundatievlak_T0100.qml;;;;;;;;;;;;;;;;;;;;;;;;;;;;
klimaatsommen;"[f""Klimaatsommen [{revisions.klimaatsommen}]"", ""Inundatievlakken_plas""]";inundatievlak_T1000_plas;;folder.threedi_results.climate_results[revisions.klimaatsommen].output.path;inundatiediepte_T1000_plas;tif;;os.path.join(HHNK_THREEDI_PLUGIN_DIR,'qgis_interaction','styling', 'klimaatsommen');inundatievlak_T1000.qml;;;;;;;;;;;;;;;;;;;;;;;;;;;;
klimaatsommen;"[f""Klimaatsommen [{revisions.klimaatsommen}]"", ""Inundatievlakken_overlast""]";inundatievlak_T0010_overlast;;folder.threedi_results.climate_results[revisions.klimaatsommen].output.path;inundatiediepte_T0010_overlast;tif;;os.path.join(HHNK_THREEDI_PLUGIN_DIR,'qgis_interaction','styling', 'klimaatsommen');inundatievlak_T0010.qml;;;;;;;;;;;;;;;;;;;;;;;;;;;;
klimaatsommen;"[f""Klimaatsommen [{revisions.klimaatsommen}]"", ""Inundatievlakken_overlast""]";inundatievlak_T0100_overlast;;folder.threedi_results.climate_results[revisions.klimaatsommen].output.path;inundatiediepte_T0100_overlast;tif;;os.path.join(HHNK_THREEDI_PLUGIN_DIR,'qgis_interaction','styling', 'klimaatsommen');inundatievlak_T0100.qml;;;;;;;;;;;;;;;;;;;;;;;;;;;;
klimaatsommen;"[f""Klimaatsommen [{revisions.klimaatsommen}]"", ""Inundatievlakken_overlast""]";inundatievlak_T1000_overlast;;folder.threedi_results.climate_results[revisions.klimaatsommen].output.path;inundatiediepte_T1000_overlast;tif;;os.path.join(HHNK_THREEDI_PLUGIN_DIR,'qgis_interaction','styling', 'klimaatsommen');inundatievlak_T1000.qml;;;;;;;;;;;;;;;;;;;;;;;;;;;;
klimaatsommen;"[f""Klimaatsommen [{revisions.klimaatsommen}]"", ""Inundatiediepte""]";inundatiediepte_T0010;;folder.threedi_results.climate_results[revisions.klimaatsommen].output.path;inundatiediepte_T0010;tif;;os.path.join(HHNK_THREEDI_PLUGIN_DIR,'qgis_interaction','styling', 'klimaatsommen');inundatiediepte.qml;;;;;;;;;;;;;;;;;;;;;;;;;;;;
klimaatsommen;"[f""Klimaatsommen [{revisions.klimaatsommen}]"", ""Inundatiediepte""]";inundatiediepte_T0100;;folder.threedi_results.climate_results[revisions.klimaatsommen].output.path;inundatiediepte_T0100;tif;;os.path.join(HHNK_THREEDI_PLUGIN_DIR,'qgis_interaction','styling', 'klimaatsommen');inundatiediepte.qml;;;;;;;;;;;;;;;;;;;;;;;;;;;;
klimaatsommen;"[f""Klimaatsommen [{revisions.klimaatsommen}]"", ""Inundatiediepte""]";inundatiediepte_T1000;;folder.threedi_results.climate_results[revisions.klimaatsommen].output.path;inundatiediepte_T1000;tif;;os.path.join(HHNK_THREEDI_PLUGIN_DIR,'qgis_interaction','styling', 'klimaatsommen');inundatiediepte.qml;;;;;;;;;;;;;;;;;;;;;;;;;;;;
klimaatsommen;"[f""Klimaatsommen [{revisions.klimaatsommen}]"", ""Inundatiediepte_plas""]";inundatiediepte_T0010_plas;;folder.threedi_results.climate_results[revisions.klimaatsommen].output.path;inundatiediepte_T0010_plas;tif;;os.path.join(HHNK_THREEDI_PLUGIN_DIR,'qgis_interaction','styling', 'klimaatsommen');inundatiediepte.qml;;;;;;;;;;;;;;;;;;;;True;;;;;;;;
klimaatsommen;"[f""Klimaatsommen [{revisions.klimaatsommen}]"", ""Inundatiediepte_plas""]";inundatiediepte_T0100_plas;;folder.threedi_results.climate_results[revisions.klimaatsommen].output.path;inundatiediepte_T0100_plas;tif;;os.path.join(HHNK_THREEDI_PLUGIN_DIR,'qgis_interaction','styling', 'klimaatsommen');inundatiediepte.qml;;;;;;;;;;;;;;;;;;;;True;;;;;;;;
klimaatsommen;"[f""Klimaatsommen [{revisions.klimaatsommen}]"", ""Inundatiediepte_plas""]";inundatiediepte_T1000_plas;;folder.threedi_results.climate_results[revisions.klimaatsommen].output.path;inundatiediepte_T1000_plas;tif;;os.path.join(HHNK_THREEDI_PLUGIN_DIR,'qgis_interaction','styling', 'klimaatsommen');inundatiediepte.qml;;;;;;;;;;;;;;;;;;;;True;;;;;;;;
klimaatsommen;"[f""Klimaatsommen [{revisions.klimaatsommen}]"", ""Inundatiediepte_overlast""]";inundatiediepte_T0010_overlast;;folder.threedi_results.climate_results[revisions.klimaatsommen].output.path;inundatiediepte_T0010_overlast;tif;;os.path.join(HHNK_THREEDI_PLUGIN_DIR,'qgis_interaction','styling', 'klimaatsommen');inundatiediepte.qml;;;;;;;;;;;;;;;;;;;;;True;;;;;;;
klimaatsommen;"[f""Klimaatsommen [{revisions.klimaatsommen}]"", ""Inundatiediepte_overlast""]";inundatiediepte_T0100_overlast;;folder.threedi_results.climate_results[revisions.klimaatsommen].output.path;inundatiediepte_T0100_overlast;tif;;os.path.join(HHNK_THREEDI_PLUGIN_DIR,'qgis_interaction','styling', 'klimaatsommen');inundatiediepte.qml;;;;;;;;;;;;;;;;;;;;;True;;;;;;;
klimaatsommen;"[f""Klimaatsommen [{revisions.klimaatsommen}]"", ""Inundatiediepte_overlast""]";inundatiediepte_T1000_overlast;;folder.threedi_results.climate_results[revisions.klimaatsommen].output.path;inundatiediepte_T1000_overlast;tif;;os.path.join(HHNK_THREEDI_PLUGIN_DIR,'qgis_interaction','styling', 'klimaatsommen');inundatiediepte.qml;;;;;;;;;;;;;;;;;;;;;True;;;;;;;
klimaatsommen;"[f""Klimaatsommen [{revisions.klimaatsommen}]"", ""Waterstand""]";waterstand_T0010;;folder.threedi_results.climate_results[revisions.klimaatsommen].output.path;wlvl_T0010;tif;;os.path.join(HHNK_THREEDI_PLUGIN_DIR,'qgis_interaction','styling', 'klimaatsommen');waterlevel.qml;;;;;;;;;;;;;;;;;;;;;;;;;;;;
klimaatsommen;"[f""Klimaatsommen [{revisions.klimaatsommen}]"", ""Waterstand""]";waterstand_T0100;;folder.threedi_results.climate_results[revisions.klimaatsommen].output.path;wlvl_T0100;tif;;os.path.join(HHNK_THREEDI_PLUGIN_DIR,'qgis_interaction','styling', 'klimaatsommen');waterlevel.qml;;;;;;;;;;;;;;;;;;;;;;;;;;;;
klimaatsommen;"[f""Klimaatsommen [{revisions.klimaatsommen}]"", ""Waterstand""]";waterstand_T1000;;folder.threedi_results.climate_results[revisions.klimaatsommen].output.path;wlvl_T1000;tif;;os.path.join(HHNK_THREEDI_PLUGIN_DIR,'qgis_interaction','styling', 'klimaatsommen');waterlevel.qml;;;;;;;;;;;;;;;;;;;;;;;;;;;;
klimaatsommen;"[f""Klimaatsommen [{revisions.klimaatsommen}]"", ""Schadekaarten""]";schade_per_peilgebied;;folder.threedi_results.climate_results[revisions.klimaatsommen].output.path;schade_per_peilgebied;shp;;os.path.join(HHNK_THREEDI_PLUGIN_DIR,'qgis_interaction','styling', 'klimaatsommen');schade_per_peilgebied.qml;;;;;;;;;;;;;;;;;;;;;;;True;;;;;
klimaatsommen;"[f""Klimaatsommen [{revisions.klimaatsommen}]"", ""Schadekaarten""]";schade_per_peilgebied_plas;;folder.threedi_results.climate_results[revisions.klimaatsommen].output.path;schade_per_peilgebied;shp;;os.path.join(HHNK_THREEDI_PLUGIN_DIR,'qgis_interaction','styling', 'klimaatsommen');schade_per_peilgebied_plas.qml;;;;;;;;;;;;;;;;;;;;;;;;True;;;;
klimaatsommen;"[f""Klimaatsommen [{revisions.klimaatsommen}]"", ""Schadekaarten""]";schade_per_peilgebied_overlast;;folder.threedi_results.climate_results[revisions.klimaatsommen].output.path;schade_per_peilgebied;shp;;os.path.join(HHNK_THREEDI_PLUGIN_DIR,'qgis_interaction','styling', 'klimaatsommen');schade_per_peilgebied_overlast.qml;;;;;;;;;;;;;;;;;;;;;;;;;True;;;
klimaatsommen;"[f""Klimaatsommen [{revisions.klimaatsommen}]"", ""Schadekaarten""]";cw_schade_overlast;;folder.threedi_results.climate_results[revisions.klimaatsommen].output.path;cw_schade_overlast;tif;;os.path.join(HHNK_THREEDI_PLUGIN_DIR,'qgis_interaction','styling', 'klimaatsommen');cw_schade_overlast.qml;;;;;;;;;;;;;;;;;;;;;;;;;;;True;
klimaatsommen;"[f""Klimaatsommen [{revisions.klimaatsommen}]"", ""Schadekaarten""]";cw_schade_plas;;folder.threedi_results.climate_results[revisions.klimaatsommen].output.path;cw_schade_plas;tif;;os.path.join(HHNK_THREEDI_PLUGIN_DIR,'qgis_interaction','styling', 'klimaatsommen');cw_schade_plas.qml;;;;;;;;;;;;;;;;;;;;;;;;;;;;True
klimaatsommen;"[f""Klimaatsommen [{revisions.klimaatsommen}]"", ""Schade correctie""]";schade_per_peilgebied_correctie;;folder.threedi_results.climate_results[revisions.klimaatsommen].output.path;schade_per_peilgebied_correctie;shp;;os.path.join(HHNK_THREEDI_PLUGIN_DIR,'qgis_interaction','styling', 'klimaatsommen');schade_per_peilgebied_correctie.qml;;;;;;;;;;;;;;;;;;;;;;;;;;True;;True
klimaatsommen;"[f""Klimaatsommen [{revisions.klimaatsommen}]"", ""Schade correctie""]";schade_per_peilgebied_plas_correctie;;folder.threedi_results.climate_results[revisions.klimaatsommen].output.path;schade_per_peilgebied_correctie;shp;;os.path.join(HHNK_THREEDI_PLUGIN_DIR,'qgis_interaction','styling', 'klimaatsommen');schade_per_peilgebied_plas_correctie.qml;;;;;;;;;;;;;;;;;;;;;;;;;;True;True;
klimaatsommen;"[f""Klimaatsommen [{revisions.klimaatsommen}]"", ""Schade correctie""]";schade_per_peilgebied_overlast_correctie;;folder.threedi_results.climate_results[revisions.klimaatsommen].output.path;schade_per_peilgebied_correctie;shp;;os.path.join(HHNK_THREEDI_PLUGIN_DIR,'qgis_interaction','styling', 'klimaatsommen');schade_per_peilgebied_overlast_correctie.qml;;;;;;;;;;;;;;;;;;;;;;;;;;;;
klimaatsommen;"[f""Klimaatsommen [{revisions.klimaatsommen}]"", ""Schade correctie""]";cw_schade_overlast_correctie;;folder.threedi_results.climate_results[revisions.klimaatsommen].output.path;cw_schade_overlast_correctie;tif;;os.path.join(HHNK_THREEDI_PLUGIN_DIR,'qgis_interaction','styling', 'klimaatsommen');cw_schade_overlast_correctie.qml;;;;;;;;;;;;;;;;;;;;;;;;;;;;
klimaatsommen;"[f""Klimaatsommen [{revisions.klimaatsommen}]"", ""Schade correctie""]";cw_schade_plas_correctie;;folder.threedi_results.climate_results[revisions.klimaatsommen].output.path;cw_schade_plas_correctie;tif;;os.path.join(HHNK_THREEDI_PLUGIN_DIR,'qgis_interaction','styling', 'klimaatsommen');cw_schade_plas_correctie.qml;;;;;;;;;;;;;;;;;;;;;;;;;;;;
test_banklevels;['03. Bankleveltest'];Stroming 1d2d flowlines;;folder.output.bank_levels.path;stroming_1d2d_flowlines;gpkg;;os.path.join(HHNK_THREEDI_PLUGIN_DIR,'qgis_interaction','styling', 'bank_levels');stroming_1d2d_flowlines.qml;;;;;;;;;;;;;;;;;;;;;;;;;;;;
test_banklevels;['03. Bankleveltest'];Stroming 1d2d cross sections;;folder.output.bank_levels.path;stroming_1d2d_cross_sections;gpkg;;os.path.join(HHNK_THREEDI_PLUGIN_DIR,'qgis_interaction','styling', 'bank_levels');stroming_1d2d_cross_sections.qml;;;;;;;;;;;;;;;;;;;;;;;;;;;;
test_banklevels;['03. Bankleveltest'];Stroming 1d2d watergangen;;folder.output.bank_levels.path;stroming_1d2d_watergangen;gpkg;;os.path.join(HHNK_THREEDI_PLUGIN_DIR,'qgis_interaction','styling', 'bank_levels');stroming_1d2d_watergangen.qml;;;;;;;;;;;;;;;;;;;;;;;;;;;;
rasters;['Rasters'];DEM;;folder.model.schema_base.rasters.dem.path.parent;folder.model.schema_base.rasters.dem.name;;;os.path.join(HHNK_THREEDI_PLUGIN_DIR,'qgis_interaction','styling', 'test_protocol_v21');dem.qml;;;;;;;;;;;;;;;;;;;;;;;;;;;;
rasters;['Rasters'];Friction;;folder.model.schema_base.rasters.friction.path.parent;folder.model.schema_base.rasters.friction.name;;;os.path.join(HHNK_THREEDI_PLUGIN_DIR,'qgis_interaction','styling', 'test_protocol_v21');friction.qml;;;;;;;;;;;;;;;;;;;;;;;;;;;;
achtergrond;['Achtergrond'];Luchtfoto actueel (PDOK);;;;;tileMatrixSet=EPSG:28992&crs=EPSG:28992&layers=Actueel_orthoHR&styles=default&format=image/jpeg&url=https://service.pdok.nl//hwh/luchtfotorgb/wmts/v1_0;;;;;;;;;;;;;;;;;;;;;;;;;;;;;;
achtergrond;['Achtergrond'];Legger waterlopen 2020;;;;;crs='EPSG:28992' layer='1' url='https://kaarten.hhnk.nl/arcgis/rest/services/od_legger/od_legger_wateren_2020_oppervlaktewateren_vg/MapServer';;;;;;;;;;;;;;;;;;;;;;;;;;;;;;
achtergrond;['Achtergrond'];Landgebruik 2021 (STOWA WSS);;;;;contextualWMSLegend=0&crs=EPSG:28992&dpiMode=7&featureCount=10&format=image/png&layers=nelen-schuurmans-consultancy:functioneel-landgebruik-2021(STOWA)&styles&url=https://demo.lizard.net/wms/raster_59064cc0-a0a2-4509-b790-e112cb718100/;;;;;;;;;;;;;;;;;;;;;;;;;;;;;;
achtergrond;['Achtergrond'];Landgebruik 2019 (Lizard Damage);;;;;contextualWMSLegend=0&crs=EPSG:28992&dpiMode=7&featureCount=10&format=image/png&layers=stowa:cover-fun-2019&styles&url=https://demo.lizard.net/wms/raster_169853de-8319-4a7f-b076-f2ee0ae5b8c4/;;;;;;;;;;;;;;;;;;;;;;;;;;;;;;
achtergrond;['Achtergrond', 'Luchtfoto_hhnk'];Luchtfoto 2022 HHNK WMS;;;;;crs='EPSG:28992' layer='0' url='https://maps.hhnk.nl/arcgis/rest/services/Algemeen/luchtfoto_2022/MapServer';;;;;;;;;;;;;;;;;;;;;;;;;;;;;;
achtergrond;['Achtergrond', 'Luchtfoto_hhnk'];Luchtfoto 2021 HHNK WMS;;;;;crs='EPSG:28992' layer='0' url='https://maps.hhnk.nl/arcgis/rest/services/Algemeen/luchtfoto_2021_exp/MapServer';;;;;;;;;;;;;;;;;;;;;;;;;;;;;;
achtergrond;['Achtergrond', 'Luchtfoto_hhnk'];Luchtfoto 2020 HHNK WMS;;;;;crs='EPSG:28992' layer='0' url='https://maps.hhnk.nl/arcgis/rest/services/Algemeen/luchtfoto_2020_exp/MapServer';;;;;;;;;;;;;;;;;;;;;;;;;;;;;;
achtergrond;['Achtergrond', 'Luchtfoto_hhnk'];Luchtfoto 2019 HHNK WMS;;;;;crs='EPSG:28992' layer='0' url='https://maps.hhnk.nl/arcgis/rest/services/Algemeen/luchtfoto_2019_exp/MapServer';;;;;;;;;;;;;;;;;;;;;;;;;;;;;;
achtergrond;['Achtergrond', 'Luchtfoto_hhnk'];Luchtfoto 2018 HHNK WMS;;;;;crs='EPSG:28992' layer='0' url='https://maps.hhnk.nl/arcgis/rest/services/Algemeen/luchtfoto_2018/MapServer';;;;;;;;;;;;;;;;;;;;;;;;;;;;;;
achtergrond;['Achtergrond', 'Luchtfoto_hhnk'];Luchtfoto 2017 HHNK WMS;;;;;crs='EPSG:28992' layer='0' url='https://maps.hhnk.nl/arcgis/rest/services/Algemeen/luchtfoto_2017/MapServer';;;;;;;;;;;;;;;;;;;;;;;;;;;;;;
achtergrond;['Achtergrond', 'Luchtfoto_hhnk'];Luchtfoto 2015 HHNK WMS;;;;;crs='EPSG:28992' layer='0' url='https://maps.hhnk.nl/arcgis/rest/services/Algemeen/luchtfoto_2015/MapServer';;;;;;;;;;;;;;;;;;;;;;;;;;;;;;
achtergrond;['Achtergrond', 'Luchtfoto_hhnk'];Luchtfoto 2014 HHNK WMS;;;;;crs='EPSG:28992' layer='0' url='https://maps.hhnk.nl/arcgis/rest/services/Algemeen/luchtfoto_2014/MapServer';;;;;;;;;;;;;;;;;;;;;;;;;;;;;;
achtergrond;['Achtergrond', 'Luchtfoto_hhnk'];Luchtfoto 2013 HHNK WMS;;;;;crs='EPSG:28992' layer='0' url='https://maps.hhnk.nl/arcgis/rest/services/Algemeen/luchtfoto_2013/MapServer';;;;;;;;;;;;;;;;;;;;;;;;;;;;;;
achtergrond;['Achtergrond', 'Luchtfoto_hhnk'];Luchtfoto 2012 HHNK WMS;;;;;crs='EPSG:28992' layer='0' url='https://maps.hhnk.nl/arcgis/rest/services/Algemeen/luchtfoto_2012/MapServer';;;;;;;;;;;;;;;;;;;;;;;;;;;;;;
achtergrond;['Achtergrond', 'Luchtfoto_hhnk'];Luchtfoto 2009 HHNK WMS;;;;;crs='EPSG:28992' layer='0' url='https://maps.hhnk.nl/arcgis/rest/services/Algemeen/luchtfoto_2009/MapServer';;;;;;;;;;;;;;;;;;;;;;;;;;;;;;
achtergrond;['Achtergrond', 'Luchtfoto_hhnk'];Luchtfoto 2006 HHNK WMS;;;;;crs='EPSG:28992' layer='0' url='https://maps.hhnk.nl/arcgis/rest/services/Algemeen/luchtfoto_2006/MapServer';;;;;;;;;;;;;;;;;;;;;;;;;;;;;;
